EmpID,EmpName,EmpAge,EmpSex,EmpSalary
1,Francisco J Mario,39,Male,"$35,000.00 "
2,Esmeralda K Mohan,48,Female,"$19,000.00 "
3,Angelica J Rita,53,Female,"$48,000.00 "
4,Alessandro M Takeshi,45,Female,"$82,000.00 "
5,Esmeralda J Rita,41,Male,"$91,000.00 "
6,Hyun J Manuel,52,Male,"$8,000.00 "
7,Alessia L Mary,40,Male,"$6,000.00 "
8,Francisco J Mario,28,Male,"$80,000.00 "
9,Carmen J Ryo,26,Male,"$96,000.00 "
10,Anthony L Raffaella,45,Male,"$83,000.00 "
11,Divya L Natalia,33,Male,"$93,000.00 "
12,Amit K Nikita,32,Female,"$96,000.00 "
13,Ananya J Nana,44,Female,"$89,000.00 "
14,David K Rebecca,53,Female,"$51,000.00 "
15,Ananya L Olivia,49,Female,"$96,000.00 "
16,Amit M Michelle,52,Male,"$86,000.00 "
17,Alice K Siddharth,38,Female,"$46,000.00 "
18,David J Serena,33,Female,"$10,000.00 "
19,Harish J Mario,32,Female,"$99,000.00 "
20,Brandon J Silvia,43,Male,"$15,000.00 "
21,Alicia L Meera,29,Female,"$26,000.00 "
22,Chiara J Michelle,32,Male,"$76,000.00 "
23,Emilio J Pedro,25,Male,"$71,000.00 "
24,Aarav M Salvatore,30,Female,"$87,000.00 "
25,Emiko K Tom,39,Male,"$88,000.00 "
26,Amit M Michelle,47,Male,"$45,000.00 "
27,Anita K Nicola,27,Male,"$42,000.00 "
28,Anita L Serena,28,Female,"$72,000.00 "
29,George J Raúl,36,Male,"$94,000.00 "
30,Bhushan K Mark,47,Female,"$61,000.00 "
31,Chen J Steve,42,Female,"$85,000.00 "
32,Daniele J Sung,51,Female,"$2,000.00 "
33,Emiko L Rebecca,50,Male,"$48,000.00 "
34,Diego L Siddharth,35,Male,"$94,000.00 "
35,Esteban J Mark,35,Male,"$4,000.00 "
36,Ananya L Olivia,25,Female,"$48,000.00 "
37,Beatriz M Scott,46,Female,"$97,000.00 "
38,Anna J Rika,44,Female,"$15,000.00 "
39,Hikari J Rosa,31,Female,"$58,000.00 "
40,Hikari J Rosa,28,Female,"$11,000.00 "
41,Anthony J Stefano,27,Female,"$41,000.00 "
42,Gabriela J Ren,49,Female,"$34,000.00 "
43,Emilio M Robert,51,Male,"$92,000.00 "
44,Francisco J Stephanie,48,Female,"$15,000.00 "
45,Antonio K Rika,27,Male,"$90,000.00 "
46,Esmeralda J Rita,27,Female,"$94,000.00 "
47,Daniel L Priyanka,46,Male,"$28,000.00 "
48,Ashley M Martina,40,Male,"$64,000.00 "
49,Avinash L Meena,36,Male,"$98,000.00 "
50,Beatriz M Scott,31,Female,"$24,000.00 "
51,Carlo L Melissa,43,Female,"$18,000.00 "
52,Enrico M Ravi,35,Female,"$24,000.00 "
53,Emiko L Rebecca,30,Female,"$36,000.00 "
54,David J Raffaella,31,Male,"$21,000.00 "
55,Gabriele J Raffaella,34,Female,"$76,000.00 "
56,Carmen J Ryo,32,Male,"$27,000.00 "
57,Claudia J Satoshi,29,Male,"$9,000.00 "
58,Harish L Maria,25,Male,"$92,000.00 "
59,Alice J Roberto,39,Male,"$57,000.00 "
60,Andrés K Raj,31,Female,"$46,000.00 "
61,Ignacio J Marco,32,Female,"$48,000.00 "
62,Alisha L Naina,41,Male,"$21,000.00 "
63,Aditi L Satoshi,30,Male,"$66,000.00 "
64,Claudia J Olivia,33,Female,"$18,000.00 "
65,Giulia K Neha,34,Male,"$93,000.00 "
66,Alejandro L Nicola,30,Male,"$27,000.00 "
67,Andrew J Robert,33,Female,"$45,000.00 "
68,Daiki L Mario,26,Male,"$71,000.00 "
69,Akira L Michelle,48,Male,"$42,000.00 "
70,Haruto K Shin,26,Male,"$36,000.00 "
71,Antonio J Parvati,44,Male,"$30,000.00 "
72,Elizabeth L Mateo,36,Male,"$95,000.00 "
73,Andrew J Robert,32,Male,"$71,000.00 "
74,Elizabeth J Mario,50,Female,"$96,000.00 "
75,Aarav M Martín,32,Male,"$64,000.00 "
76,Diego L Siddharth,43,Female,"$57,000.00 "
77,Chris J Nicola,38,Male,"$92,000.00 "
78,Elizabeth L Mateo,48,Female,"$35,000.00 "
79,Cesar K Michele,45,Male,"$74,000.00 "
80,Daiki J Sanjay,38,Female,"$22,000.00 "
81,Diego L Nikita,52,Female,"$98,000.00 "
82,Ignacio J Marco,33,Female,"$25,000.00 "
83,Giulia I Paul,51,Male,"$98,000.00 "
84,Giulia I Paul,40,Male,"$84,000.00 "
85,Anil K Satoshi,41,Male,"$97,000.00 "
86,Gabriela K Susan,37,Male,"$83,000.00 "
87,Carlo L Tomoko,35,Female,"$5,000.00 "
88,Ashley K Ming,49,Female,"$3,000.00 "
89,Daniel L Naina,41,Female,"$48,000.00 "
90,Fumiko J Steve,41,Male,"$72,000.00 "
91,Name L Naveen,50,Female,"$5,000.00 "
92,Hyun J Nana,34,Female,"$49,000.00 "
93,Esteban K Maria,50,Male,"$67,000.00 "
94,Alisha I Melissa,38,Female,"$10,000.00 "
95,Anna K Veronica,38,Male,"$65,000.00 "
96,Hyun J Manuel,34,Male,"$33,000.00 "
97,Aarav M Salvatore,48,Female,"$32,000.00 "
98,Giovanni J Natalia,47,Male,"$18,000.00 "
99,David L Simone,41,Male,"$87,000.00 "
100,Francesca J Sachin,31,Male,"$60,000.00 "
101,Ashley L Tom,45,Female,"$46,000.00 "
102,Diego I Wei,46,Male,"$96,000.00 "
103,Esmeralda J Sora,30,Male,"$3,000.00 "
104,Amanda K Melissa,41,Female,"$45,000.00 "
105,Anjali K Salvatore,28,Male,"$80,000.00 "
106,Akira J Shan,28,Male,"$96,000.00 "
107,Alessandro L Ramón,41,Female,"$80,000.00 "
108,Alejandro L Nicola,46,Male,"$32,000.00 "
109,Fumiko J Steve,35,Male,"$63,000.00 "
110,David J Raffaella,49,Male,"$74,000.00 "
111,Amanda I Meera,39,Female,"$11,000.00 "
112,Elisa J Salvatore,38,Male,"$12,000.00 "
113,Daiki I Rika,34,Male,"$87,000.00 "
114,Aiko I Simone,45,Male,"$40,000.00 "
115,Brian J Paolo,54,Male,"$35,000.00 "
116,Anita J Siddharth,29,Female,"$39,000.00 "
117,Andrew L Naoki,28,Female,"$21,000.00 "
118,Gabriela J Shreya,51,Male,"$4,000.00 "
119,Francisco L Parvati,29,Male,"$67,000.00 "
120,Harish L Simone,38,Male,"$32,000.00 "
121,Elisa L Shreya,30,Male,"$72,000.00 "
122,Gaurav L Nikita,44,Male,"$72,000.00 "
123,Chiara K Sarah,45,Female,"$85,000.00 "
124,Chiyo J Martín,39,Male,"$13,000.00 "
125,Ignacio J Marco,47,Male,"$82,000.00 "
126,Chen J Ren,49,Female,"$88,000.00 "
127,Gabriella K Robert,52,Male,"$56,000.00 "
128,Amanda L Raúl,52,Male,"$88,000.00 "
129,Daniel J Xin,52,Male,"$91,000.00 "
130,Harish I San,48,Female,"$74,000.00 "
131,Alejandro J Martina,36,Female,"$90,000.00 "
132,Hikari K Megan,28,Male,"$92,000.00 "
133,Elisa L Shreya,27,Female,"$98,000.00 "
134,Alessandro M Yumi,42,Male,"$24,000.00 "
135,Ashley K Ming,25,Female,"$58,000.00 "
136,Aditi M Olivia,33,Male,"$55,000.00 "
137,Alessandro L Ramón,27,Male,"$39,000.00 "
138,Esmeralda J Rita,43,Male,"$61,000.00 "
139,Hina J Valentina,52,Male,"$17,000.00 "
140,Francesca J Sachin,33,Male,"$79,000.00 "
141,Giulia L Siddharth,33,Male,"$58,000.00 "
142,Harish L Maria,34,Male,"$91,000.00 "
143,Gaurav J Melissa,31,Female,"$8,000.00 "
144,David L Simone,36,Female,"$3,000.00 "
145,Anjali J Yumi,46,Female,"$92,000.00 "
146,Angela L Satoshi,35,Female,"$4,000.00 "
147,Giulia L Siddharth,30,Male,"$40,000.00 "
148,Aiko J Mohan,45,Male,"$61,000.00 "
149,Carmen K Sung,54,Male,"$93,000.00 "
150,Alessandro L Ramón,38,Male,"$54,000.00 "
151,Carmen K Shinobu,30,Female,"$57,000.00 "
152,Anita J Siddharth,34,Male,"$80,000.00 "
153,Harish L Tomoko,26,Female,"$18,000.00 "
154,David L Wei,25,Female,"$13,000.00 "
155,Carmen I Meena,47,Male,"$45,000.00 "
156,Avinash L Meena,38,Female,"$64,000.00 "
157,Hideki J Mario,25,Male,"$15,000.00 "
158,Anita J Siddharth,32,Male,"$84,000.00 "
159,David J Sarita,55,Male,"$33,000.00 "
160,David L Michael,49,Male,"$17,000.00 "
161,Anna K Veronica,38,Female,"$10,000.00 "
162,Alejandro J Mariana,55,Male,"$77,000.00 "
163,Giuseppe I Neha,40,Male,"$53,000.00 "
164,Anita K Ritu,35,Female,"$68,000.00 "
165,Harish L Simone,46,Male,"$52,000.00 "
166,George L Pooja,49,Male,"$16,000.00 "
167,Hideki L Simone,44,Male,"$91,000.00 "
168,Amit L Sanjay,38,Male,"$41,000.00 "
169,Bhushan K Nicola,36,Male,"$49,000.00 "
170,Ashley K Ming,44,Female,"$15,000.00 "
171,Anthony L Raffaella,51,Male,"$48,000.00 "
172,Geeta J Nicola,55,Female,"$64,000.00 "
173,Ernesto K Minato,44,Male,"$39,000.00 "
174,Anna K Veronica,46,Male,"$25,000.00 "
175,Chen K Michael,50,Male,"$38,000.00 "
176,Gabriella L Mario,49,Female,"$81,000.00 "
177,Claudia L Sarita,35,Female,"$37,000.00 "
178,Alice K Siddharth,33,Male,"$76,000.00 "
179,Diego M Takeshi,47,Female,"$7,000.00 "
180,Giorgio K Raúl,34,Female,"$17,000.00 "
181,Fabio L Nicola,53,Female,"$95,000.00 "
182,Anita K Nicola,41,Male,"$82,000.00 "
183,Diego I Wei,49,Female,"$83,000.00 "
184,Fumiko J Steve,43,Female,"$68,000.00 "
185,Aarav M Martín,40,Female,"$39,000.00 "
186,Daniele J Ravi,53,Male,"$73,000.00 "
187,Haruto J Roberto,33,Male,"$99,000.00 "
188,Brandon K Tom,26,Male,"$6,000.00 "
189,Antonio K Rika,43,Female,"$52,000.00 "
190,Amanda L Raúl,32,Female,"$43,000.00 "
191,Andrés L María,41,Male,"$73,000.00 "
192,Diego L Ravi,29,Male,"$34,000.00 "
193,Arjun K Riccardo,26,Male,"$90,000.00 "
194,Akash J Natalia,28,Male,"$25,000.00 "
195,Harish L Simone,45,Male,"$34,000.00 "
196,Alicia J Pedro,46,Male,"$33,000.00 "
197,Esmeralda K Mohan,49,Female,"$22,000.00 "
198,Chiyo J Martín,25,Male,"$72,000.00 "
199,Hyun J Mario,53,Female,"$33,000.00 "
200,Bhushan K Mark,47,Female,"$31,000.00 "
201,Daniele J Sung,36,Male,"$90,000.00 "
202,Emily J Rita,53,Female,"$48,000.00 "
203,Carmen L Melissa,45,Female,"$23,000.00 "
204,Aiko J Martín,48,Male,"$37,000.00 "
205,Hikari J Rosa,31,Female,"$63,000.00 "
206,Ignacio J Marco,48,Female,"$17,000.00 "
207,Alicia L Raúl,54,Male,"$42,000.00 "
208,Francisco J Stephanie,53,Male,"$46,000.00 "
209,Harish L Marco,37,Female,"$60,000.00 "
210,Andrew K Rika,52,Female,"$30,000.00 "
211,Ayumi I Marco,46,Female,"$54,000.00 "
212,Chen J Ming,49,Female,"$95,000.00 "
213,Akash J Natalia,43,Female,"$17,000.00 "
214,Andrea K Serena,52,Female,"$87,000.00 "
215,Bob L Matthew,30,Male,"$10,000.00 "
216,Antonio L Raffaella,54,Male,"$64,000.00 "
217,Francisco J Stephanie,36,Female,"$15,000.00 "
218,Ayumi K Tom,25,Male,"$6,000.00 "
219,Carlo L Parvati,31,Female,"$70,000.00 "
220,Alessandro L Ramón,49,Female,"$65,000.00 "
221,Angelo L Raj,30,Male,"$67,000.00 "
222,Amanda J Veronica,33,Female,"$21,000.00 "
223,Anthony L Raffaella,26,Female,"$79,000.00 "
224,Divya L Sarita,28,Female,"$1,000.00 "
225,Daiki J Sanjay,29,Male,"$98,000.00 "
226,Anil K Michael,34,Male,"$88,000.00 "
227,Diego L Siddharth,29,Female,"$94,000.00 "
228,Ashley K Ming,26,Female,"$76,000.00 "
229,Hyun J Manuel,41,Female,"$78,000.00 "
230,Anil L Megan,34,Male,"$32,000.00 "
231,Aditi L Satoshi,40,Female,"$79,000.00 "
232,Anthony L Raffaella,49,Female,"$81,000.00 "
233,Chitra K Rika,48,Female,"$85,000.00 "
234,Fumiko L Parvati,30,Male,"$4,000.00 "
235,Francisco L Pooja,50,Female,"$94,000.00 "
236,Aditi L Ramón,32,Male,"$38,000.00 "
237,Akira L Michelle,48,Male,"$71,000.00 "
238,Francisco J Mario,54,Male,"$86,000.00 "
239,Carmen J Ryo,38,Female,"$94,000.00 "
240,Emily J Rita,32,Male,"$84,000.00 "
241,Chiara K Sarah,42,Female,"$23,000.00 "
242,Ashley K Paul,46,Male,"$46,000.00 "
243,Angelo L Raj,39,Male,"$6,000.00 "
244,Andrea K Sofia,38,Female,"$80,000.00 "
245,Ananya I Manuel,52,Male,"$75,000.00 "
246,Andrew K Rika,32,Male,"$69,000.00 "
247,Giulia L Siddharth,30,Female,"$91,000.00 "
248,Alessandro L Ramón,53,Male,"$84,000.00 "
249,Elisa L Martina,44,Female,"$51,000.00 "
250,Alicia L Raúl,42,Male,"$22,000.00 "
251,Aditi L Satoshi,27,Male,"$69,000.00 "
252,Bhushan J Scott,40,Female,"$77,000.00 "
253,Aiko I Simone,47,Female,"$41,000.00 "
254,Anna J Natalia,48,Male,"$26,000.00 "
255,Chris K Maria,27,Male,"$58,000.00 "
256,Akash J Natalia,32,Female,"$94,000.00 "
257,Diego L Ravi,43,Male,"$3,000.00 "
258,Brian M Ritu,42,Female,"$38,000.00 "
259,Aditi M Olivia,38,Female,"$51,000.00 "
260,Anna J Ravi,43,Male,"$62,000.00 "
261,Geeta K Mohan,40,Male,"$14,000.00 "
262,David L Michael,35,Female,"$73,000.00 "
263,Andrea K Sofia,44,Male,"$58,000.00 "
264,Cesar L Raj,36,Male,"$10,000.00 "
265,Emily J Rita,25,Female,"$32,000.00 "
266,Deepak I Rakesh,30,Male,"$36,000.00 "
267,Gabriela K Rika,29,Male,"$68,000.00 "
268,Ernesto J Shan,29,Female,"$48,000.00 "
269,Alejandro J Martina,25,Male,"$59,000.00 "
270,Amanda L Michele,54,Female,"$56,000.00 "
271,Amanda L Satoshi,49,Male,"$63,000.00 "
272,Anita J Siddharth,38,Female,"$5,000.00 "
273,Giovanni J Natalia,37,Male,"$78,000.00 "
274,Hyun J Nana,36,Female,"$6,000.00 "
275,Arjun J Sanjay,26,Male,"$84,000.00 "
276,Chiyo K Scott,52,Female,"$76,000.00 "
277,Esteban K Priyanka,27,Female,"$80,000.00 "
278,Angelo J Melissa,25,Male,"$31,000.00 "
279,Anil K Michael,43,Male,"$50,000.00 "
280,Giulia I Paul,29,Male,"$90,000.00 "
281,Alice K Siddharth,28,Female,"$61,000.00 "
282,Alice K Siddharth,41,Female,"$81,000.00 "
283,Diego L Siddharth,40,Male,"$64,000.00 "
284,Bhushan K Nicola,45,Male,"$6,000.00 "
285,Ashley K Paul,31,Male,"$37,000.00 "
286,Francisco J Mario,35,Female,"$36,000.00 "
287,Harish L Maria,42,Female,"$71,000.00 "
288,Geeta J Nicola,28,Male,"$17,000.00 "
289,Alejandro L Nicola,35,Female,"$49,000.00 "
290,Amit L Sanjay,51,Male,"$67,000.00 "
291,Alicia L Meera,48,Female,"$56,000.00 "
292,Brian I Mohan,50,Female,"$72,000.00 "
293,Giulia L Siddharth,41,Female,"$66,000.00 "
294,Giuseppe I Neha,48,Male,"$82,000.00 "
295,Giovanni K Raj,55,Male,"$93,000.00 "
296,Arjun J Sanjay,51,Male,"$80,000.00 "
297,Gabriella L Mario,33,Male,"$75,000.00 "
298,Anita K Nicola,28,Male,"$51,000.00 "
299,Daniel K Melissa,33,Female,"$14,000.00 "
300,Daniel L Priyanka,31,Female,"$54,000.00 "
301,Ernesto K Scott,25,Male,"$77,000.00 "
302,Giorgio K Raúl,28,Female,"$95,000.00 "
303,Angela L Satoshi,30,Female,"$75,000.00 "
304,Amit K Nikita,51,Female,"$95,000.00 "
305,Andrew L Naoki,41,Female,"$69,000.00 "
306,Antonio K Steve,55,Female,"$97,000.00 "
307,Chen K Mary,53,Female,"$55,000.00 "
308,Andrea L Siddharth,26,Female,"$27,000.00 "
309,Daniele J Ravi,28,Female,"$98,000.00 "
310,Antonio K Steve,54,Male,"$21,000.00 "
311,Aditi L Satoshi,26,Male,"$12,000.00 "
312,Aiko J Martín,38,Male,"$25,000.00 "
313,Aditi L Satoshi,39,Female,"$73,000.00 "
314,David K Santiago,27,Male,"$87,000.00 "
315,Ernesto J Shan,34,Female,"$22,000.00 "
316,Harish L Tomoko,45,Male,"$7,000.00 "
317,Cesar J Pooja,28,Male,"$24,000.00 "
318,Esmeralda L Priyanka,40,Male,"$23,000.00 "
319,Daiki I Rika,52,Female,"$92,000.00 "
320,Geeta J Nicola,46,Female,"$23,000.00 "
321,Emiko L Rebecca,54,Female,"$7,000.00 "
322,Ananya L Olivia,34,Male,"$27,000.00 "
323,Francisco J Mario,48,Female,"$70,000.00 "
324,David J Serena,47,Female,"$26,000.00 "
325,Brian M Ritu,27,Male,"$91,000.00 "
326,Harish L Simone,55,Male,"$13,000.00 "
327,Claudia K Shin,43,Female,"$12,000.00 "
328,Angela L Satoshi,39,Female,"$92,000.00 "
329,Fabio L Nicola,48,Female,"$29,000.00 "
330,Francesco L Mario,25,Male,"$56,000.00 "
331,Elizabeth J Mario,49,Male,"$75,000.00 "
332,Anjali K Salvatore,37,Male,"$23,000.00 "
333,Chris J Nicola,25,Male,"$62,000.00 "
334,Anna J Ravi,40,Female,"$92,000.00 "
335,Akira J Naveen,29,Male,"$69,000.00 "
336,Avinash L Meena,29,Female,"$99,000.00 "
337,Gaurav L Nikita,54,Male,"$97,000.00 "
338,Diego L Nikita,51,Female,"$59,000.00 "
339,Elisa L Shreya,47,Male,"$83,000.00 "
340,Amit K Sanjay,35,Female,"$76,000.00 "
341,Esmeralda L Mario,40,Female,"$1,000.00 "
342,Hyun J Nana,53,Male,"$14,000.00 "
343,Divya L Natalia,55,Male,"$66,000.00 "
344,Hideki J Roberto,44,Female,"$65,000.00 "
345,Alessandro L Ravi,34,Male,"$20,000.00 "
346,Hina J Valentina,34,Female,"$34,000.00 "
347,Alejandro J Martina,32,Female,"$52,000.00 "
348,David L Simone,25,Female,"$23,000.00 "
349,Antonio K Rika,51,Female,"$4,000.00 "
350,Hyun J Mario,28,Female,"$46,000.00 "
351,Anita K Nicola,46,Female,"$24,000.00 "
352,David L Serena,40,Female,"$93,000.00 "
353,David J Sarita,35,Female,"$34,000.00 "
354,Hideki J Mario,30,Female,"$24,000.00 "
355,David L Wei,49,Male,"$64,000.00 "
356,Chen K Michael,26,Female,"$21,000.00 "
357,Fumiko J Steve,46,Male,"$62,000.00 "
358,Aditi L Marta,42,Female,"$12,000.00 "
359,Alessandro L Ravi,39,Male,"$38,000.00 "
360,Fumiko L Parvati,42,Male,"$32,000.00 "
361,Alisha I Melissa,53,Male,"$11,000.00 "
362,Anita M Ricardo,47,Female,"$73,000.00 "
363,Daniel J Xin,35,Female,"$12,000.00 "
364,Gabriela K Susan,46,Male,"$87,000.00 "
365,Francisco J Melissa,40,Male,"$51,000.00 "
366,Alessandro M Yumi,27,Male,"$6,000.00 "
367,Alisha I Melissa,37,Female,"$18,000.00 "
368,Elisa L Wei,49,Male,"$31,000.00 "
369,Claudia K Shin,35,Male,"$58,000.00 "
370,Andrés L María,43,Male,"$66,000.00 "
371,Brandon K Tom,39,Female,"$78,000.00 "
372,George J Raúl,44,Female,"$20,000.00 "
373,Aarav J Parvati,50,Female,"$44,000.00 "
374,Emiko J Mohan,41,Male,"$99,000.00 "
375,Hikari K Megan,49,Female,"$11,000.00 "
376,Gabriela J Ren,43,Female,"$38,000.00 "
377,Haruto K Shin,33,Male,"$5,000.00 "
378,Anita L Serena,54,Male,"$29,000.00 "
379,Amanda L Raúl,54,Male,"$2,000.00 "
380,Elisa L Shreya,49,Male,"$64,000.00 "
381,Diego L Ravi,35,Male,"$12,000.00 "
382,Alejandro J Martina,46,Female,"$51,000.00 "
383,Andrew J Robert,48,Female,"$60,000.00 "
384,Giuseppe I Neha,42,Male,"$58,000.00 "
385,Emilio M Robert,45,Female,"$35,000.00 "
386,Claudia J Satoshi,41,Male,"$40,000.00 "
387,Arjun J Sanjay,43,Female,"$95,000.00 "
388,Carmen J Ryo,29,Female,"$46,000.00 "
389,Anthony L Raffaella,41,Female,"$4,000.00 "
390,Claudia J Satoshi,34,Male,"$75,000.00 "
391,Bob L Matthew,47,Male,"$90,000.00 "
392,Avinash L Meena,54,Female,"$37,000.00 "
393,Anthony J Stefano,51,Male,"$85,000.00 "
394,David L Michael,43,Male,"$52,000.00 "
395,Diego L Nikita,31,Female,"$66,000.00 "
396,Amit L Sanjay,26,Male,"$32,000.00 "
397,David J Sarita,48,Male,"$33,000.00 "
398,Anthony J Stefano,43,Male,"$92,000.00 "
399,Alejandro J Mariana,41,Male,"$66,000.00 "
400,Hyun J Manuel,38,Female,"$95,000.00 "
401,Andrew J Robert,52,Female,"$43,000.00 "
402,Aiko J Mohan,52,Male,"$10,000.00 "
403,Andrea K Naoki,29,Female,"$99,000.00 "
404,Ignacio J Marco,52,Male,"$62,000.00 "
405,Gabriela K Susan,30,Male,"$99,000.00 "
406,Deepak K Scott,51,Female,"$41,000.00 "
407,Giovanni K Raj,37,Male,"$89,000.00 "
408,Bhushan J Scott,40,Male,"$52,000.00 "
409,Elisa J Salvatore,45,Female,"$58,000.00 "
410,Andrea K Shinobu,31,Male,"$52,000.00 "
411,Harish L Tomoko,49,Male,"$55,000.00 "
412,Hideki J Roberto,29,Male,"$51,000.00 "
413,Ashley K Ming,34,Male,"$1,000.00 "
414,Aditi L Ramón,32,Female,"$80,000.00 "
415,Alicia J Pedro,54,Female,"$24,000.00 "
416,Carlo L Melissa,43,Female,"$81,000.00 "
417,Anita K Ritu,31,Male,"$36,000.00 "
418,Emiko L Nicola,42,Female,"$25,000.00 "
419,Gabriele J Raffaella,45,Female,"$53,000.00 "
420,Antonio J Siddharth,48,Male,"$36,000.00 "
421,Chen K Michael,31,Male,"$41,000.00 "
422,Anita M Ricardo,45,Male,"$82,000.00 "
423,Arjun K Riccardo,45,Female,"$30,000.00 "
424,Gabriele J Rosa,37,Female,"$24,000.00 "
425,Aditi L Satoshi,28,Female,"$59,000.00 "
426,Emiko J Veronica,45,Female,"$6,000.00 "
427,Daiki L Mario,52,Female,"$61,000.00 "
428,Alessandro M Takeshi,29,Female,"$52,000.00 "
429,Aarav M Shin,29,Female,"$37,000.00 "
430,Alessandro L Ravi,30,Female,"$21,000.00 "
431,Aiko K María,39,Male,"$37,000.00 "
432,Daiki J Sanjay,25,Male,"$66,000.00 "
433,Alessandro L Ramón,25,Male,"$39,000.00 "
434,Emilio J Raj,25,Female,"$22,000.00 "
435,Aarav M Martín,37,Male,"$59,000.00 "
436,Bob L Matthew,45,Female,"$37,000.00 "
437,Emiko J Riccardo,36,Male,"$14,000.00 "
438,Emily J Rita,51,Female,"$73,000.00 "
439,Elena M Ramón,40,Female,"$77,000.00 "
440,Anthony L Sofia,29,Male,"$38,000.00 "
441,Francesco L Mario,39,Male,"$47,000.00 "
442,Ayumi K Tom,33,Male,"$89,000.00 "
443,Diego L Siddharth,43,Female,"$61,000.00 "
444,Name K Minato,43,Male,"$15,000.00 "
445,Daniele J Ravi,45,Female,"$71,000.00 "
446,Amanda L Raúl,30,Male,"$49,000.00 "
447,Arjun K Riccardo,45,Female,"$94,000.00 "
448,Deepak K Scott,51,Female,"$22,000.00 "
449,Aditi L Marta,47,Female,"$26,000.00 "
450,Emiko J Riccardo,44,Male,"$31,000.00 "
451,Chiyo K Scott,55,Female,"$83,000.00 "
452,Akash L Mike,37,Female,"$12,000.00 "
453,Ananya J Nana,41,Male,"$93,000.00 "
454,Anna J Ravi,53,Male,"$55,000.00 "
455,Akira I Robert,54,Male,"$44,000.00 "
456,Carmen L Melissa,49,Female,"$17,000.00 "
457,Carlo L Parvati,34,Female,"$16,000.00 "
458,Deepak K Martina,53,Female,"$20,000.00 "
459,Diego L Siddharth,43,Male,"$35,000.00 "
460,Fabio J Mohan,44,Female,"$17,000.00 "
461,Esmeralda J Sora,25,Female,"$6,000.00 "
462,Deepak K Scott,40,Male,"$28,000.00 "
463,David K Rebecca,37,Female,"$57,000.00 "
464,Andrés K Raj,35,Male,"$74,000.00 "
465,Daniele J Ravi,27,Male,"$36,000.00 "
466,Giorgio K Raúl,26,Female,"$33,000.00 "
467,Emilio J Pedro,50,Female,"$25,000.00 "
468,Emiko J Veronica,36,Female,"$29,000.00 "
469,Alejandro J Mariana,45,Male,"$65,000.00 "
470,Deepak I Rakesh,49,Female,"$89,000.00 "
471,Brandon K Tom,32,Male,"$65,000.00 "
472,Gabriele J Rosa,48,Male,"$13,000.00 "
473,Andrea K Naoki,30,Male,"$58,000.00 "
474,Hugo J Yuri,29,Male,"$31,000.00 "
475,Daniel K Melissa,30,Female,"$6,000.00 "
476,Chiyo L Rebecca,29,Male,"$79,000.00 "
477,Amanda L Michele,27,Male,"$27,000.00 "
478,Giulia K Neha,30,Female,"$14,000.00 "
479,Andrew L Naoki,28,Male,"$93,000.00 "
480,Avinash L Meena,49,Female,"$94,000.00 "
481,Arjun K Riccardo,42,Male,"$39,000.00 "
482,Harish L Simone,34,Male,"$24,000.00 "
483,Diego L Ravi,55,Male,"$96,000.00 "
484,Carmen I Meena,46,Male,"$18,000.00 "
485,Daniel L Priyanka,33,Female,"$48,000.00 "
486,Alessandro J Raffaella,42,Female,"$74,000.00 "
487,Esteban J Mark,37,Female,"$56,000.00 "
488,Angelo J Simone,31,Female,"$14,000.00 "
489,Hugo J Manuel,34,Female,"$14,000.00 "
490,Anita L Serena,39,Male,"$2,000.00 "
491,Alicia L Raúl,34,Female,"$33,000.00 "
492,Anita K Ritu,25,Male,"$87,000.00 "
493,Name J Rita,37,Female,"$66,000.00 "
494,Ashley M Martina,30,Female,"$26,000.00 "
495,Elizabeth J Melissa,28,Female,"$84,000.00 "
496,Esmeralda K Mohan,47,Male,"$27,000.00 "
497,Aditi L Ramón,42,Female,"$59,000.00 "
498,Anjali J Yumi,25,Male,"$13,000.00 "
499,Aiko J Mohan,32,Female,"$26,000.00 "
500,Alice J Roberto,37,Female,"$39,000.00 "
501,Esteban J Mark,27,Female,"$76,000.00 "
502,Gaurav L Stephanie,51,Male,"$77,000.00 "
503,Giulia L Siddharth,42,Male,"$34,000.00 "
504,George J Raúl,26,Male,"$65,000.00 "
505,Giulia L Michelle,30,Female,"$29,000.00 "
506,Emily J Rita,32,Male,"$96,000.00 "
507,Anil K Michael,36,Female,"$95,000.00 "
508,Ananya J Shin,51,Male,"$97,000.00 "
509,Alessandro M Yumi,37,Male,"$23,000.00 "
510,Giovanni J Natalia,41,Male,"$27,000.00 "
511,Antonio J Siddharth,49,Female,"$63,000.00 "
512,Anil L Yumi,47,Male,"$74,000.00 "
513,Antonio L Raffaella,38,Male,"$66,000.00 "
514,Chiyo K Scott,47,Male,"$14,000.00 "
515,Heather K Rosa,28,Male,"$72,000.00 "
516,Hyun J Manuel,38,Female,"$23,000.00 "
517,Guadalupe J Silvia,43,Female,"$35,000.00 "
518,Alessandro L Ramón,52,Female,"$42,000.00 "
519,Hector K Veronica,45,Female,"$32,000.00 "
520,Francesca J Sachin,33,Female,"$9,000.00 "
521,Ashley M Martina,43,Male,"$81,000.00 "
522,Anjali K Salvatore,25,Female,"$41,000.00 "
523,Giuseppe I Neha,53,Female,"$80,000.00 "
524,Andrea K Serena,54,Female,"$51,000.00 "
525,Hugo J Manuel,28,Male,"$47,000.00 "
526,Esteban K Raffaella,45,Female,"$80,000.00 "
527,Anna J Ravi,39,Female,"$97,000.00 "
528,Bhushan J Scott,53,Female,"$90,000.00 "
529,Alessia I Nana,25,Female,"$91,000.00 "
530,Claudia J Olivia,35,Male,"$58,000.00 "
531,Chitra K Rika,39,Male,"$53,000.00 "
532,Claudia K Shin,34,Male,"$85,000.00 "
533,Catalina J Nikita,38,Female,"$14,000.00 "
534,Ashley K Paul,37,Male,"$80,000.00 "
535,Chris J Pietro,52,Male,"$40,000.00 "
536,Anthony L Sofia,50,Female,"$44,000.00 "
537,Haruto K Shin,42,Male,"$5,000.00 "
538,Divya L Natalia,41,Male,"$58,000.00 "
539,Anita J Siddharth,29,Female,"$67,000.00 "
540,David L Ming,54,Female,"$82,000.00 "
541,Heather K Rosa,53,Male,"$34,000.00 "
542,Francisco J Stephanie,53,Male,"$66,000.00 "
543,Aarav J Parvati,30,Male,"$5,000.00 "
544,Chen J Ming,25,Male,"$13,000.00 "
545,Esteban J Mark,35,Female,"$98,000.00 "
546,Ayumi I Marco,27,Female,"$57,000.00 "
547,Amanda J Veronica,25,Female,"$17,000.00 "
548,Diego L Siddharth,52,Male,"$40,000.00 "
549,Elisa L Martina,30,Male,"$41,000.00 "
550,Gaurav J Melissa,55,Female,"$52,000.00 "
551,Avinash L Meena,29,Female,"$85,000.00 "
552,Alicia J Takeshi,44,Male,"$65,000.00 "
553,Alejandro J Martina,47,Female,"$30,000.00 "
554,Giulia I Paul,35,Female,"$45,000.00 "
555,Avinash L Meena,47,Female,"$88,000.00 "
556,Andrea K Shinobu,29,Female,"$63,000.00 "
557,Anil K Satoshi,43,Male,"$76,000.00 "
558,Elizabeth J Melissa,45,Female,"$40,000.00 "
559,Harish L Marco,34,Male,"$74,000.00 "
560,Claudia K Shin,33,Male,"$27,000.00 "
561,Gabriella L Mario,45,Female,"$69,000.00 "
562,Guadalupe J Silvia,47,Male,"$65,000.00 "
563,Ananya I Manuel,33,Male,"$14,000.00 "
564,David L Ming,51,Male,"$28,000.00 "
565,Aiko K María,46,Male,"$37,000.00 "
566,Aiko J Martín,41,Female,"$13,000.00 "
567,Harish I San,49,Female,"$94,000.00 "
568,David L Michael,33,Female,"$76,000.00 "
569,Aarav M Shin,51,Female,"$76,000.00 "
570,Harish L Maria,38,Male,"$41,000.00 "
571,Gaurav L Nikita,44,Female,"$25,000.00 "
572,Esteban K Priyanka,42,Female,"$19,000.00 "
573,Angelica J Rita,26,Male,"$75,000.00 "
574,David K Meena,26,Male,"$52,000.00 "
575,David J Sarita,49,Male,"$39,000.00 "
576,Anita M Ricardo,51,Female,"$88,000.00 "
577,Divya L Sarita,46,Female,"$9,000.00 "
578,Diego L Ravi,49,Female,"$78,000.00 "
579,David L Ming,27,Male,"$76,000.00 "
580,Cesar K Michele,38,Female,"$39,000.00 "
581,Brandon J Silvia,41,Male,"$4,000.00 "
582,Hugo J Yuri,39,Male,"$73,000.00 "
583,Gaurav J Melissa,52,Female,"$20,000.00 "
584,Anita K Ritu,41,Female,"$17,000.00 "
585,Diego L Matthew,41,Female,"$21,000.00 "
586,Emiko L Nicola,30,Male,"$32,000.00 "
587,Guadalupe J Silvia,25,Male,"$51,000.00 "
588,Chen K Michael,40,Male,"$24,000.00 "
589,Fumiko L Parvati,35,Female,"$60,000.00 "
590,Anjali J Shreya,31,Male,"$73,000.00 "
591,David L Nicola,40,Male,"$10,000.00 "
592,Francesco L Mario,49,Male,"$42,000.00 "
593,Alicia J Takeshi,28,Male,"$68,000.00 "
594,Ananya J Shin,35,Male,"$22,000.00 "
595,Elizabeth J Mario,54,Female,"$9,000.00 "
596,Emilio J Pedro,42,Female,"$37,000.00 "
597,Anjali L Olivia,53,Female,"$87,000.00 "
598,Amanda J Veronica,43,Female,"$98,000.00 "
599,Daniel L Naina,35,Female,"$58,000.00 "
600,Carlo L Martina,35,Male,"$88,000.00 "
601,Antonio J Siddharth,49,Female,"$23,000.00 "
602,Elizabeth J Mario,40,Male,"$45,000.00 "
603,Deepak L Naina,47,Male,"$36,000.00 "
604,Geeta M Pietro,28,Female,"$49,000.00 "
605,Akash L Stefano,42,Female,"$25,000.00 "
606,Ananya L Olivia,52,Male,"$38,000.00 "
607,Elena M Ramón,25,Male,"$11,000.00 "
608,Anna K Veronica,32,Female,"$59,000.00 "
609,Daniele J Ravi,49,Male,"$17,000.00 "
610,Alicia L Raúl,27,Male,"$93,000.00 "
611,Antonio J Siddharth,44,Female,"$85,000.00 "
612,Elizabeth J Mario,42,Female,"$3,000.00 "
613,Alessandro J Raffaella,32,Male,"$40,000.00 "
614,Gaurav L Nikita,36,Female,"$39,000.00 "
615,Emiko L Nicola,33,Male,"$57,000.00 "
616,Emily L Natalia,28,Male,"$36,000.00 "
617,Andrew J Robert,33,Male,"$40,000.00 "
618,Alessandro J Raffaella,51,Female,"$24,000.00 "
619,Francesco L Mario,49,Male,"$16,000.00 "
620,Divya L Natalia,53,Male,"$44,000.00 "
621,Heather K Rosa,28,Male,"$48,000.00 "
622,Emiko J Riccardo,54,Female,"$56,000.00 "
623,Anna I Parvati,47,Male,"$26,000.00 "
624,Alejandro J Martina,37,Female,"$27,000.00 "
625,Harish L Simone,29,Female,"$92,000.00 "
626,David L Wei,47,Male,"$83,000.00 "
627,Emiko J Mohan,31,Male,"$93,000.00 "
628,Anthony L Raffaella,36,Male,"$89,000.00 "
629,Emiko J Mohan,29,Female,"$37,000.00 "
630,Anjali J Yumi,41,Male,"$17,000.00 "
631,Cesar L Raj,34,Male,"$49,000.00 "
632,Emily J Rita,38,Male,"$79,000.00 "
633,Hikari K Megan,37,Male,"$58,000.00 "
634,Ananya L Olivia,51,Male,"$8,000.00 "
635,Anil K Satoshi,46,Female,"$74,000.00 "
636,Emily J Rita,50,Male,"$22,000.00 "
637,Anil K Michael,25,Male,"$76,000.00 "
638,Daniel J Xin,48,Male,"$72,000.00 "
639,Haruto K Shin,36,Female,"$25,000.00 "
640,Giulia L Michelle,48,Male,"$95,000.00 "
641,Daniel L Naina,49,Male,"$88,000.00 "
642,Heather K Manuel,44,Female,"$26,000.00 "
643,Esmeralda J Sora,49,Female,"$52,000.00 "
644,Andrew K Rika,48,Female,"$50,000.00 "
645,Ignacio J Marco,27,Female,"$69,000.00 "
646,Elisa J Salvatore,31,Male,"$45,000.00 "
647,Name L Naveen,48,Female,"$90,000.00 "
648,Francisco L Parvati,25,Male,"$96,000.00 "
649,Emiko L Rebecca,42,Female,"$16,000.00 "
650,Alisha L Naina,45,Female,"$35,000.00 "
651,Akira J Naveen,35,Female,"$16,000.00 "
652,Alice J Roberto,43,Male,"$32,000.00 "
653,David L Ming,53,Female,"$58,000.00 "
654,Emiko K Tom,34,Male,"$66,000.00 "
655,Hugo J Manuel,55,Female,"$5,000.00 "
656,Emilio M Robert,39,Female,"$76,000.00 "
657,Geeta J Nicola,39,Male,"$58,000.00 "
658,Elisa L Wei,46,Female,"$16,000.00 "
659,Elisa L Martina,40,Male,"$42,000.00 "
660,Antonio J Siddharth,49,Male,"$1,000.00 "
661,Alice J Roberto,43,Male,"$36,000.00 "
662,Emilio M Robert,44,Female,"$15,000.00 "
663,Alicia L Meera,36,Female,"$92,000.00 "
664,Geeta K Mohan,43,Male,"$81,000.00 "
665,Gabriela K Susan,35,Female,"$55,000.00 "
666,Amit K Sanjay,54,Female,"$49,000.00 "
667,Bob L Matthew,44,Female,"$19,000.00 "
668,Gabriele J Raffaella,55,Male,"$72,000.00 "
669,Francisco L Pooja,52,Male,"$58,000.00 "
670,Alejandro J Martina,27,Male,"$93,000.00 "
671,Diego L Ravi,29,Female,"$64,000.00 "
672,Deepak K Scott,50,Male,"$13,000.00 "
673,Amit M Michelle,38,Female,"$93,000.00 "
674,Aarav J Parvati,28,Female,"$70,000.00 "
675,David K Rebecca,34,Female,"$64,000.00 "
676,Carmen K Sung,42,Female,"$40,000.00 "
677,Angelo J Melissa,48,Male,"$25,000.00 "
678,Ashley L Tom,43,Female,"$42,000.00 "
679,Elena M Ramón,25,Male,"$53,000.00 "
680,Francisco L Parvati,27,Male,"$91,000.00 "
681,Harish L Marco,50,Male,"$99,000.00 "
682,Ayumi J Ming,41,Female,"$72,000.00 "
683,Aarav M Salvatore,52,Female,"$91,000.00 "
684,Aiko J Mohan,37,Female,"$50,000.00 "
685,Brandon K Tom,49,Male,"$4,000.00 "
686,Aarav J Parvati,29,Male,"$76,000.00 "
687,David J Raffaella,52,Female,"$1,000.00 "
688,Cesar L Raj,47,Female,"$53,000.00 "
689,Anjali J Shreya,43,Male,"$84,000.00 "
690,Francisco L Pooja,47,Female,"$94,000.00 "
691,Brandon J Silvia,52,Male,"$33,000.00 "
692,Hikari K Megan,47,Female,"$66,000.00 "
693,Aarav J Parvati,27,Female,"$10,000.00 "
694,Chiyo L Rebecca,52,Male,"$77,000.00 "
695,Diego L Nikita,28,Male,"$56,000.00 "
696,Divya L Natalia,34,Female,"$89,000.00 "
697,Andrés L Shin,26,Female,"$58,000.00 "
698,Deepak I Rakesh,40,Male,"$7,000.00 "
699,Angelo J Melissa,54,Male,"$17,000.00 "
700,Chen J Ming,43,Male,"$44,000.00 "
701,Carmen I Meena,40,Male,"$68,000.00 "
702,Alicia J Pedro,42,Male,"$22,000.00 "
703,Alessia L Mary,52,Male,"$98,000.00 "
704,Ananya I Manuel,42,Male,"$17,000.00 "
705,Hideki J Mario,26,Male,"$42,000.00 "
706,Alessia M Shan,25,Female,"$34,000.00 "
707,Angelica J Rita,46,Male,"$41,000.00 "
708,Alessandro L Ravi,52,Female,"$79,000.00 "
709,Ashley L Tom,48,Male,"$95,000.00 "
710,Amanda L Raúl,54,Female,"$11,000.00 "
711,Aiko J Nana,39,Male,"$67,000.00 "
712,Emiko J Veronica,36,Male,"$60,000.00 "
713,Amanda L Raúl,50,Female,"$26,000.00 "
714,Anita L Serena,52,Male,"$80,000.00 "
715,Emily L Natalia,37,Female,"$3,000.00 "
716,Antonio L Raffaella,53,Male,"$46,000.00 "
717,Antonio K Steve,29,Female,"$17,000.00 "
718,Deepak L Naina,44,Female,"$53,000.00 "
719,Francisco L Pooja,30,Male,"$32,000.00 "
720,David K Rebecca,39,Male,"$83,000.00 "
721,David K Rebecca,52,Male,"$92,000.00 "
722,Angela L Satoshi,34,Female,"$13,000.00 "
723,David J Sarita,50,Male,"$65,000.00 "
724,Harish L Tomoko,42,Female,"$51,000.00 "
725,Ernesto K Scott,44,Female,"$45,000.00 "
726,Diego I Wei,41,Female,"$54,000.00 "
727,Gaurav L Nikita,30,Male,"$86,000.00 "
728,Gabriele J Raffaella,31,Male,"$26,000.00 "
729,Ayumi K Tom,25,Male,"$56,000.00 "
730,Antonio J Siddharth,49,Male,"$16,000.00 "
731,Andrea K Serena,35,Male,"$48,000.00 "
732,Alicia L Raúl,25,Female,"$90,000.00 "
733,Hideki L Simone,38,Male,"$53,000.00 "
734,Amanda L Satoshi,36,Male,"$92,000.00 "
735,Antonio K Steve,30,Female,"$15,000.00 "
736,Chris J Pietro,39,Male,"$52,000.00 "
737,Akira J Shan,37,Female,"$73,000.00 "
738,Bob L Matthew,25,Male,"$14,000.00 "
739,Brandon J Silvia,26,Female,"$95,000.00 "
740,Diego M Takeshi,33,Male,"$59,000.00 "
741,David K Rebecca,37,Male,"$39,000.00 "
742,Hikari K Megan,34,Male,"$99,000.00 "
743,Elisa J Salvatore,50,Female,"$79,000.00 "
744,Emilio M Robert,40,Male,"$94,000.00 "
745,Alessandro L Ravi,45,Female,"$19,000.00 "
746,Gaurav L Nikita,31,Male,"$71,000.00 "
747,Akash L Stefano,47,Male,"$7,000.00 "
748,Elisa L Wei,41,Female,"$89,000.00 "
749,Avinash J Mariana,27,Female,"$33,000.00 "
750,Anna J Ravi,30,Female,"$52,000.00 "
751,Carlo L Melissa,54,Female,"$94,000.00 "
752,Harish L Maria,43,Female,"$15,000.00 "
753,Anjali J Yumi,53,Male,"$56,000.00 "
754,Fumiko J Steve,49,Female,"$16,000.00 "
755,Hikari K Megan,41,Male,"$28,000.00 "
756,Hyun J Mario,55,Male,"$32,000.00 "
757,Anna J Natalia,53,Male,"$51,000.00 "
758,Giulia K Neha,38,Female,"$47,000.00 "
759,Hideki J Mario,34,Female,"$24,000.00 "
760,Elizabeth J Mario,41,Male,"$29,000.00 "
761,Hugo J Manuel,49,Female,"$71,000.00 "
762,Amit M Michelle,28,Female,"$1,000.00 "
763,Alessia L Mary,29,Male,"$3,000.00 "
764,Alejandro J Mariana,26,Female,"$44,000.00 "
765,Ayumi J Ming,55,Male,"$47,000.00 "
766,Giuseppe I Neha,52,Male,"$28,000.00 "
767,Deepak L Ritu,38,Male,"$64,000.00 "
768,Amit K Nikita,38,Male,"$89,000.00 "
769,Chen K Mary,39,Female,"$20,000.00 "
770,Anil K Michael,48,Female,"$57,000.00 "
771,Gaurav J Melissa,27,Female,"$60,000.00 "
772,Diego L Nikita,34,Female,"$64,000.00 "
773,Gabriela K Susan,54,Female,"$16,000.00 "
774,Hikari K Megan,50,Male,"$57,000.00 "
775,Avinash L Meena,51,Male,"$66,000.00 "
776,Akira J Shan,53,Female,"$69,000.00 "
777,Claudia L Sarita,54,Male,"$88,000.00 "
778,Guadalupe K Sofia,31,Male,"$94,000.00 "
779,Hina J Valentina,33,Male,"$22,000.00 "
780,Esmeralda L Priyanka,30,Female,"$2,000.00 "
781,Harish I San,33,Male,"$78,000.00 "
782,Emilio J Raj,39,Female,"$25,000.00 "
783,Alessandro M Takeshi,25,Male,"$67,000.00 "
784,Claudia L Sarita,48,Male,"$16,000.00 "
785,Alessandro M Takeshi,44,Female,"$56,000.00 "
786,Anjali J Yumi,37,Male,"$27,000.00 "
787,Andrés L Shin,40,Female,"$7,000.00 "
788,Anil L Yumi,34,Male,"$91,000.00 "
789,Gabriela K Rika,55,Female,"$52,000.00 "
790,Andrea K Serena,26,Female,"$67,000.00 "
791,Claudia J Olivia,25,Female,"$26,000.00 "
792,Alisha L Naina,42,Female,"$20,000.00 "
793,Anita K Nicola,32,Female,"$90,000.00 "
794,Anthony J Stefano,48,Female,"$49,000.00 "
795,Guadalupe K Sofia,32,Male,"$17,000.00 "
796,Anthony J Stefano,35,Male,"$30,000.00 "
797,Emiko L Rebecca,34,Female,"$21,000.00 "
798,Diego M Takeshi,50,Male,"$43,000.00 "
799,Esteban K Raffaella,31,Male,"$22,000.00 "
800,Angela L Pooja,35,Male,"$78,000.00 "
801,Emiko L Rebecca,55,Male,"$28,000.00 "
802,Daiki J Sanjay,35,Male,"$29,000.00 "
803,Anthony L Raffaella,31,Male,"$16,000.00 "
804,Harish K Serena,41,Female,"$68,000.00 "
805,Antonio K Steve,35,Male,"$9,000.00 "
806,Heather K Rosa,26,Female,"$67,000.00 "
807,Gabriele J Rosa,41,Female,"$5,000.00 "
808,Diego L Matthew,32,Female,"$62,000.00 "
809,Elisa L Shreya,46,Female,"$35,000.00 "
810,David K Meena,51,Male,"$44,000.00 "
811,Amanda L Satoshi,43,Female,"$91,000.00 "
812,Francisco J Mario,41,Male,"$75,000.00 "
813,Anthony L Sofia,36,Female,"$74,000.00 "
814,Hikari K Megan,54,Female,"$39,000.00 "
815,Cesar L Raj,30,Female,"$93,000.00 "
816,Enrico M Ravi,33,Male,"$1,000.00 "
817,Angela L Satoshi,27,Female,"$65,000.00 "
818,Anjali L Olivia,42,Male,"$92,000.00 "
819,Alejandro L Nicola,26,Male,"$39,000.00 "
820,Name K Minato,35,Male,"$3,000.00 "
821,Bob L Matthew,48,Male,"$33,000.00 "
822,Aditi L Marta,36,Female,"$57,000.00 "
823,Antonio L Raffaella,27,Male,"$61,000.00 "
824,Emily J Rita,33,Female,"$19,000.00 "
825,Catalina J Nikita,45,Male,"$90,000.00 "
826,Aiko J Mohan,32,Male,"$62,000.00 "
827,Elizabeth J Salvatore,33,Male,"$28,000.00 "
828,David J Nicola,52,Male,"$13,000.00 "
829,Guadalupe K Shinobu,42,Male,"$21,000.00 "
830,Alejandro J Martina,38,Female,"$39,000.00 "
831,Aiko J Martín,45,Male,"$47,000.00 "
832,Alejandro J Mariana,54,Male,"$63,000.00 "
833,Emiko L Nicola,29,Female,"$86,000.00 "
834,Hector K Veronica,38,Female,"$68,000.00 "
835,Francesca J Sachin,53,Female,"$43,000.00 "
836,Fabio J Mohan,41,Female,"$56,000.00 "
837,George J Raúl,42,Male,"$52,000.00 "
838,Geeta M Pietro,28,Female,"$4,000.00 "
839,Andrew J Robert,42,Male,"$78,000.00 "
840,Esteban K Raffaella,27,Female,"$40,000.00 "
841,Hyun J Manuel,43,Male,"$20,000.00 "
842,Cesar J Pooja,27,Female,"$42,000.00 "
843,Francisco L Pooja,30,Female,"$9,000.00 "
844,Daniele J Sung,46,Male,"$52,000.00 "
845,Emily J Rita,48,Female,"$2,000.00 "
846,Gaurav J Melissa,53,Female,"$32,000.00 "
847,Emily J Rita,30,Male,"$78,000.00 "
848,Angela L Pooja,41,Female,"$9,000.00 "
849,Alejandro J Mariana,41,Female,"$63,000.00 "
850,Hugo J Yuri,36,Female,"$38,000.00 "
851,Chen K Mary,54,Male,"$22,000.00 "
852,Akash L Mike,50,Female,"$23,000.00 "
853,Daniele J Sung,53,Male,"$85,000.00 "
854,Giulia K Neha,29,Female,"$86,000.00 "
855,Divya L Sarita,31,Male,"$22,000.00 "
856,Francisco L Pooja,34,Male,"$62,000.00 "
857,Bhushan I Pedro,37,Female,"$31,000.00 "
858,Claudia J Satoshi,30,Male,"$31,000.00 "
859,Emiko J Riccardo,48,Male,"$87,000.00 "
860,Claudia J Olivia,42,Female,"$95,000.00 "
861,Andrés L Shin,38,Male,"$40,000.00 "
862,Francesca J Sachin,25,Male,"$65,000.00 "
863,Giovanni J Natalia,33,Male,"$28,000.00 "
864,Gabriele L Riccardo,52,Male,"$33,000.00 "
865,Andrew L Naoki,47,Male,"$72,000.00 "
866,Heather K Rosa,30,Female,"$58,000.00 "
867,Emilio M Robert,47,Male,"$13,000.00 "
868,Cesar J Pooja,52,Male,"$74,000.00 "
869,Bob L Matthew,33,Male,"$27,000.00 "
870,Chen K Mary,30,Male,"$3,000.00 "
871,Esteban K Maria,40,Male,"$25,000.00 "
872,Angelo J Simone,53,Female,"$24,000.00 "
873,Alessandro M Takeshi,46,Female,"$65,000.00 "
874,Alicia L Raúl,43,Male,"$26,000.00 "
875,Chiyo J Martín,44,Female,"$57,000.00 "
876,Elisa L Martina,30,Female,"$43,000.00 "
877,Alessia I Nana,39,Female,"$41,000.00 "
878,Francesco L Mario,48,Female,"$84,000.00 "
879,Emiko L Rebecca,29,Female,"$54,000.00 "
880,Alice K Siddharth,33,Male,"$29,000.00 "
881,Claudia J Satoshi,33,Male,"$50,000.00 "
882,Francisco J Stephanie,53,Male,"$82,000.00 "
883,Anthony L Raffaella,51,Female,"$42,000.00 "
884,Alicia J Pedro,43,Female,"$65,000.00 "
885,David K Meena,25,Female,"$77,000.00 "
886,Amanda I Meera,40,Female,"$74,000.00 "
887,Elizabeth J Salvatore,38,Male,"$94,000.00 "
888,Claudia J Satoshi,37,Male,"$82,000.00 "
889,David L Simone,28,Male,"$21,000.00 "
890,Name L Naveen,30,Male,"$93,000.00 "
891,Aditi M Olivia,27,Female,"$60,000.00 "
892,Francisco J Stephanie,46,Male,"$43,000.00 "
893,Bhushan K Nicola,47,Male,"$8,000.00 "
894,Francesca J Sachin,35,Male,"$29,000.00 "
895,Haruto J Roberto,36,Female,"$86,000.00 "
896,David K Rebecca,52,Female,"$96,000.00 "
897,Avinash L Meena,27,Male,"$53,000.00 "
898,Emiko J Veronica,43,Female,"$59,000.00 "
899,Deepak L Naina,34,Male,"$61,000.00 "
900,Carlo L Melissa,49,Male,"$35,000.00 "
901,Cesar K Michele,49,Female,"$62,000.00 "
902,Aarav J Parvati,33,Male,"$42,000.00 "
903,Diego I Wei,55,Male,"$26,000.00 "
904,Francisco L Parvati,42,Female,"$91,000.00 "
905,Deepak K Scott,36,Female,"$7,000.00 "
906,Alessia M Shan,42,Female,"$10,000.00 "
907,Giorgio K Raúl,30,Male,"$71,000.00 "
908,Anthony J Stefano,37,Female,"$1,000.00 "
909,Daniel L Naina,42,Male,"$36,000.00 "
910,Amit M Michelle,53,Male,"$25,000.00 "
911,Akash L Stefano,48,Female,"$4,000.00 "
912,Harish L Marco,28,Male,"$78,000.00 "
913,Chen J Ren,41,Male,"$96,000.00 "
914,Hideki J Mario,51,Male,"$78,000.00 "
915,Avinash J Michael,50,Female,"$6,000.00 "
916,Elisa L Martina,42,Male,"$30,000.00 "
917,Brian I Mohan,41,Male,"$94,000.00 "
918,David L Wei,39,Male,"$74,000.00 "
919,Carlo L Tomoko,49,Male,"$2,000.00 "
920,Anjali J Yumi,27,Female,"$43,000.00 "
921,Ayumi K Tom,48,Male,"$22,000.00 "
922,Aarav M Shin,35,Female,"$29,000.00 "
923,Deepak L Ritu,31,Female,"$78,000.00 "
924,Gaurav L Stephanie,54,Female,"$58,000.00 "
925,Guadalupe J Silvia,46,Female,"$33,000.00 "
926,Anil K Michael,34,Female,"$56,000.00 "
927,Akira J Shan,37,Male,"$51,000.00 "
928,David J Raffaella,49,Female,"$26,000.00 "
929,Brandon K Tom,37,Female,"$51,000.00 "
930,Daniel L Priyanka,42,Female,"$57,000.00 "
931,Carlo L Martina,32,Male,"$79,000.00 "
932,Cesar J Pooja,42,Male,"$50,000.00 "
933,Ayumi K Tom,25,Female,"$28,000.00 "
934,David L Serena,44,Female,"$96,000.00 "
935,Chris J Nicola,48,Male,"$76,000.00 "
936,Arjun J Rakesh,37,Male,"$11,000.00 "
937,Haruto K Shin,31,Female,"$64,000.00 "
938,David J Nicola,51,Male,"$93,000.00 "
939,Andrés K Raj,40,Male,"$76,000.00 "
940,Angelica J Rita,26,Female,"$56,000.00 "
941,Anjali L Olivia,38,Male,"$40,000.00 "
942,Angelo J Simone,28,Male,"$75,000.00 "
943,Francisco J Stephanie,55,Male,"$24,000.00 "
944,Chitra L Sora,40,Male,"$48,000.00 "
945,Amit K Nikita,48,Female,"$15,000.00 "
946,Alessandro M Takeshi,39,Male,"$96,000.00 "
947,Gaurav J Melissa,26,Female,"$86,000.00 "
948,Giulia L Siddharth,48,Male,"$25,000.00 "
949,David L Ming,28,Male,"$73,000.00 "
950,Daniele J Ravi,49,Male,"$62,000.00 "
951,Gabriele J Rosa,35,Male,"$62,000.00 "
952,Antonio J Parvati,44,Female,"$31,000.00 "
953,Alicia L Raúl,38,Male,"$20,000.00 "
954,Carmen J Ryo,34,Female,"$56,000.00 "
955,Ananya L Ryo,45,Female,"$55,000.00 "
956,Hideki J Roberto,29,Female,"$25,000.00 "
957,Chris J Pietro,47,Male,"$5,000.00 "
958,Emilio J Marco,29,Male,"$33,000.00 "
959,Andrés L Shin,39,Female,"$20,000.00 "
960,Anna J Ravi,29,Female,"$17,000.00 "
961,Brandon J Silvia,54,Male,"$98,000.00 "
962,Amit L Sanjay,25,Male,"$29,000.00 "
963,Ernesto K Minato,40,Male,"$90,000.00 "
964,Elizabeth L Mateo,44,Male,"$93,000.00 "
965,Hideki J Roberto,38,Female,"$91,000.00 "
966,Emilio M Robert,55,Male,"$61,000.00 "
967,Alicia L Meera,34,Male,"$3,000.00 "
968,Andrés L Shin,36,Male,"$56,000.00 "
969,Gabriella L Mario,25,Male,"$88,000.00 "
970,Gabriele J Raffaella,48,Male,"$98,000.00 "
971,Emiko J Mohan,42,Female,"$22,000.00 "
972,Esteban J Mark,32,Male,"$9,000.00 "
973,Chris K Maria,27,Female,"$75,000.00 "
974,Carmen J Ryo,28,Male,"$16,000.00 "
975,Avinash L Meena,45,Female,"$21,000.00 "
976,Hyun J Manuel,48,Female,"$60,000.00 "
977,Deepak L Ritu,26,Female,"$62,000.00 "
978,George J Raúl,39,Female,"$30,000.00 "
979,David J Sarita,34,Female,"$25,000.00 "
980,Brian I Mohan,50,Female,"$24,000.00 "
981,Brian M Ritu,35,Male,"$4,000.00 "
982,Elena M Ramón,54,Male,"$65,000.00 "
983,Akira J Naveen,50,Male,"$18,000.00 "
984,Deepak K Scott,46,Female,"$86,000.00 "
985,Emiko J Mohan,43,Male,"$47,000.00 "
986,Alicia L Meera,52,Male,"$49,000.00 "
987,Esteban K Maria,26,Female,"$45,000.00 "
988,Anjali J Yumi,42,Male,"$68,000.00 "
989,Carlo L Martina,31,Male,"$80,000.00 "
990,Gaurav L Stephanie,49,Male,"$17,000.00 "
991,Andrés L Shin,41,Male,"$32,000.00 "
992,Ernesto K Scott,48,Female,"$61,000.00 "
993,Anita L Serena,47,Female,"$54,000.00 "
994,Antonio J Parvati,31,Male,"$3,000.00 "
995,Chen J Ming,48,Male,"$41,000.00 "
996,Deepak I Rakesh,36,Male,"$25,000.00 "
997,Amanda L Satoshi,33,Male,"$31,000.00 "
998,Hikari J Rosa,26,Male,"$14,000.00 "
999,Alejandro J Tom,29,Male,"$41,000.00 "
1000,Andrea K Naoki,34,Female,"$49,000.00 "
1001,David L Ming,46,Female,"$82,000.00 "
1002,Esteban K Raffaella,27,Male,"$57,000.00 "
1003,Chitra K Rika,46,Male,"$92,000.00 "
1004,Anjali J Shreya,30,Female,"$94,000.00 "
1005,Alessia M Shan,36,Female,"$72,000.00 "
1006,Elena M Ramón,49,Female,"$4,000.00 "
1007,Heather K Rosa,33,Male,"$11,000.00 "
1008,Emiko L Rebecca,28,Male,"$59,000.00 "
1009,Daniele J Ravi,33,Female,"$42,000.00 "
1010,Akira J Shan,54,Male,"$50,000.00 "
1011,Emiko K Tom,43,Male,"$36,000.00 "
1012,Haruto J Roberto,42,Female,"$14,000.00 "
1013,Emilio M Robert,26,Female,"$7,000.00 "
1014,Daiki J Sanjay,28,Female,"$96,000.00 "
1015,Name K Minato,48,Male,"$67,000.00 "
1016,Fabio L Nicola,32,Male,"$95,000.00 "
1017,Aarav M Martín,35,Female,"$68,000.00 "
1018,Andrew J Robert,50,Male,"$41,000.00 "
1019,Ernesto K Minato,28,Female,"$85,000.00 "
1020,Chitra K Rika,38,Female,"$88,000.00 "
1021,Hugo J Yuri,38,Female,"$93,000.00 "
1022,Ashley K Paul,29,Male,"$67,000.00 "
1023,Gaurav L Nikita,47,Female,"$95,000.00 "
1024,Diego L Siddharth,38,Female,"$42,000.00 "
1025,Fumiko L Parvati,33,Male,"$88,000.00 "
1026,Francisco J Stephanie,55,Female,"$24,000.00 "
1027,Daniel L Naina,40,Female,"$64,000.00 "
1028,Alisha L Naina,50,Female,"$37,000.00 "
1029,Aditi L Ramón,48,Female,"$29,000.00 "
1030,Alejandro J Tom,30,Female,"$83,000.00 "
1031,Diego L Siddharth,39,Male,"$24,000.00 "
1032,Ashley L Tom,31,Female,"$29,000.00 "
1033,Diego L Ravi,31,Female,"$32,000.00 "
1034,Amit K Sanjay,38,Male,"$99,000.00 "
1035,George J Raúl,26,Female,"$67,000.00 "
1036,Beatriz M Scott,46,Female,"$53,000.00 "
1037,Chiyo L Rebecca,34,Male,"$92,000.00 "
1038,Bhushan I Pedro,48,Male,"$37,000.00 "
1039,David L Serena,32,Male,"$62,000.00 "
1040,Anthony L Sofia,50,Female,"$67,000.00 "
1041,David K Santiago,28,Female,"$34,000.00 "
1042,Alessia L Mary,28,Male,"$55,000.00 "
1043,Daniel K Melissa,30,Male,"$11,000.00 "
1044,Carlos J Michael,37,Female,"$8,000.00 "
1045,Cesar K Michele,48,Male,"$29,000.00 "
1046,Giovanni K Raj,53,Female,"$14,000.00 "
1047,Beatriz M Scott,54,Male,"$17,000.00 "
1048,Aarav M Martín,51,Male,"$96,000.00 "
1049,Esteban J Mark,32,Male,"$25,000.00 "
1050,Akash J Natalia,50,Female,"$24,000.00 "
1051,Chiara J Michelle,53,Male,"$38,000.00 "
1052,Anjali K Salvatore,37,Male,"$87,000.00 "
1053,Brian I Mohan,45,Male,"$1,000.00 "
1054,David K Santiago,32,Female,"$55,000.00 "
1055,Deepak L Ritu,29,Male,"$92,000.00 "
1056,Giovanni K Raj,50,Male,"$28,000.00 "
1057,Anna J Ravi,36,Male,"$6,000.00 "
1058,Gabriele J Rosa,27,Female,"$67,000.00 "
1059,Ashley K Paul,34,Female,"$52,000.00 "
1060,Chitra K Rika,30,Male,"$56,000.00 "
1061,Ernesto K Minato,46,Female,"$71,000.00 "
1062,Ignacio J Marco,27,Male,"$37,000.00 "
1063,Hideki J Roberto,43,Male,"$36,000.00 "
1064,Anil L Yumi,31,Male,"$60,000.00 "
1065,Angelo J Simone,45,Male,"$68,000.00 "
1066,Hikari K Rebecca,36,Female,"$47,000.00 "
1067,Cesar J Pooja,32,Female,"$37,000.00 "
1068,Giuseppe L Sora,35,Female,"$38,000.00 "
1069,Emiko J Veronica,36,Male,"$94,000.00 "
1070,David K Santiago,33,Female,"$17,000.00 "
1071,David J Nicola,49,Male,"$96,000.00 "
1072,Esmeralda L Priyanka,47,Male,"$5,000.00 "
1073,Esteban J Mark,37,Female,"$59,000.00 "
1074,Angela L Pooja,25,Female,"$34,000.00 "
1075,Claudia L Sarita,48,Male,"$24,000.00 "
1076,Emilio J Pedro,51,Male,"$46,000.00 "
1077,Aditi L Marta,41,Female,"$72,000.00 "
1078,Amanda L Satoshi,52,Female,"$49,000.00 "
1079,Fumiko J Steve,40,Male,"$57,000.00 "
1080,Gaurav J Melissa,41,Female,"$86,000.00 "
1081,Hina J Valentina,36,Male,"$60,000.00 "
1082,Akira J Naveen,50,Male,"$66,000.00 "
1083,Brian I Mohan,36,Female,"$58,000.00 "
1084,Emiko J Mohan,49,Male,"$18,000.00 "
1085,Emilio J Marco,47,Female,"$9,000.00 "
1086,Akash L Mike,38,Male,"$89,000.00 "
1087,Giovanni J Natalia,47,Male,"$42,000.00 "
1088,Aiko K María,40,Female,"$53,000.00 "
1089,Chitra K Rika,44,Female,"$94,000.00 "
1090,Chris K Maria,28,Female,"$70,000.00 "
1091,David K Santiago,29,Male,"$31,000.00 "
1092,Chen K Michael,38,Male,"$60,000.00 "
1093,Giulia L Siddharth,55,Female,"$63,000.00 "
1094,Esteban K Maria,48,Female,"$90,000.00 "
1095,Hideki L Simone,37,Male,"$84,000.00 "
1096,Guadalupe K Sofia,33,Male,"$78,000.00 "
1097,Ernesto K Scott,46,Female,"$27,000.00 "
1098,Giovanni J Natalia,40,Female,"$91,000.00 "
1099,Ignacio J Marco,30,Female,"$47,000.00 "
1100,Daniel J Xin,36,Male,"$4,000.00 "
1101,David L Nicola,48,Male,"$99,000.00 "
1102,Akash J Natalia,51,Female,"$82,000.00 "
1103,Alicia J Pedro,29,Male,"$27,000.00 "
1104,Diego L Siddharth,50,Female,"$61,000.00 "
1105,Bhushan K Mark,45,Male,"$22,000.00 "
1106,Angelo L Raj,30,Female,"$6,000.00 "
1107,Chen J Steve,38,Female,"$67,000.00 "
1108,Alessandro M Takeshi,49,Female,"$13,000.00 "
1109,Giulia I Paul,38,Female,"$73,000.00 "
1110,Francisco L Pooja,43,Female,"$36,000.00 "
1111,Enrico M Ravi,38,Female,"$78,000.00 "
1112,Angelo L Raj,55,Female,"$16,000.00 "
1113,Arjun K Riccardo,48,Female,"$16,000.00 "
1114,Amit K Sanjay,25,Male,"$92,000.00 "
1115,Aarav M Salvatore,31,Female,"$90,000.00 "
1116,Giuseppe L Sora,45,Female,"$39,000.00 "
1117,Divya L Natalia,51,Female,"$57,000.00 "
1118,Aditi K Sarah,43,Male,"$26,000.00 "
1119,Daniel L Priyanka,27,Female,"$13,000.00 "
1120,Fabio J Mohan,37,Male,"$91,000.00 "
1121,Chen J Steve,32,Male,"$81,000.00 "
1122,Alice K Siddharth,43,Male,"$97,000.00 "
1123,Daniel J Xin,41,Female,"$43,000.00 "
1124,Ashley L Tom,39,Female,"$67,000.00 "
1125,Hikari K Megan,49,Male,"$80,000.00 "
1126,Aditi L Ramón,49,Male,"$87,000.00 "
1127,Giulia L Michelle,34,Male,"$15,000.00 "
1128,Diego L Siddharth,36,Male,"$62,000.00 "
1129,Diego L Ravi,50,Male,"$69,000.00 "
1130,Hyun J Nana,28,Female,"$39,000.00 "
1131,Anna K Veronica,37,Female,"$36,000.00 "
1132,Akira J Shan,47,Female,"$62,000.00 "
1133,Anil L Megan,52,Female,"$10,000.00 "
1134,Harish L Simone,46,Female,"$7,000.00 "
1135,Aarav M Martín,25,Male,"$85,000.00 "
1136,Anjali J Shreya,38,Female,"$89,000.00 "
1137,Daiki I Rika,28,Female,"$87,000.00 "
1138,Gabriela K Susan,52,Female,"$8,000.00 "
1139,Divya L Natalia,37,Male,"$93,000.00 "
1140,Fabio J Mohan,45,Female,"$3,000.00 "
1141,Diego I Wei,40,Female,"$47,000.00 "
1142,David L Nicola,46,Male,"$17,000.00 "
1143,David L Nicola,54,Female,"$13,000.00 "
1144,David L Simone,53,Male,"$69,000.00 "
1145,Emilio J Pedro,33,Male,"$15,000.00 "
1146,Alessandro J Raffaella,40,Female,"$19,000.00 "
1147,Gabriele J Raffaella,52,Male,"$3,000.00 "
1148,Francisco J Mario,34,Female,"$53,000.00 "
1149,Brandon K Tom,26,Male,"$35,000.00 "
1150,Avinash J Mariana,37,Male,"$92,000.00 "
1151,Giulia L Siddharth,44,Male,"$43,000.00 "
1152,Angelica J Rita,31,Female,"$57,000.00 "
1153,Giulia L Siddharth,32,Male,"$31,000.00 "
1154,Andrew L Naoki,46,Female,"$34,000.00 "
1155,Giuseppe I Neha,45,Male,"$28,000.00 "
1156,Akira J Naveen,33,Female,"$15,000.00 "
1157,Akash J Natalia,26,Male,"$84,000.00 "
1158,Aarav M Shin,33,Female,"$82,000.00 "
1159,Amanda L Michele,32,Female,"$25,000.00 "
1160,Chiara K Sarah,33,Male,"$30,000.00 "
1161,Antonio J Siddharth,40,Male,"$87,000.00 "
1162,Anjali J Yumi,32,Female,"$89,000.00 "
1163,Arjun L Mario,33,Male,"$31,000.00 "
1164,David L Pooja,48,Female,"$1,000.00 "
1165,Gabriela J Shreya,55,Female,"$84,000.00 "
1166,Emiko K Tom,55,Female,"$13,000.00 "
1167,Guadalupe J Silvia,43,Female,"$60,000.00 "
1168,David L Wei,45,Female,"$73,000.00 "
1169,Andrea K Shinobu,45,Male,"$50,000.00 "
1170,Amanda J Veronica,31,Male,"$32,000.00 "
1171,Diego L Siddharth,49,Female,"$64,000.00 "
1172,David L Serena,42,Male,"$44,000.00 "
1173,Amanda J Veronica,46,Male,"$60,000.00 "
1174,Emily J Rita,54,Male,"$60,000.00 "
1175,David K Santiago,47,Male,"$64,000.00 "
1176,Andrés L María,42,Female,"$37,000.00 "
1177,Esteban J Mark,51,Male,"$3,000.00 "
1178,Brian M Ritu,29,Female,"$4,000.00 "
1179,Giovanni J Natalia,39,Male,"$53,000.00 "
1180,Amit K Nikita,45,Female,"$49,000.00 "
1181,Cesar K Michele,26,Female,"$97,000.00 "
1182,Akash L Stefano,31,Female,"$71,000.00 "
1183,Hector K Veronica,29,Female,"$34,000.00 "
1184,Cesar K Michele,48,Male,"$50,000.00 "
1185,Heather K Rosa,48,Male,"$86,000.00 "
1186,Alessia I Nana,34,Female,"$71,000.00 "
1187,Ashley M Martina,47,Male,"$70,000.00 "
1188,Anthony L Sofia,27,Male,"$31,000.00 "
1189,Deepak K Martina,27,Female,"$56,000.00 "
1190,Deepak I Rakesh,36,Female,"$58,000.00 "
1191,Deepak K Martina,39,Female,"$87,000.00 "
1192,Anil L Yumi,27,Male,"$13,000.00 "
1193,Aiko J Nana,49,Female,"$94,000.00 "
1194,Elizabeth J Melissa,46,Female,"$80,000.00 "
1195,Aarav M Salvatore,40,Male,"$78,000.00 "
1196,Arjun J Sanjay,53,Male,"$47,000.00 "
1197,Deepak L Ritu,44,Male,"$19,000.00 "
1198,Amanda J Veronica,48,Female,"$87,000.00 "
1199,George J Raúl,39,Male,"$72,000.00 "
1200,Fabio L Nicola,30,Male,"$83,000.00 "
1201,Hideki J Roberto,43,Female,"$91,000.00 "
1202,Amanda L Raúl,40,Female,"$21,000.00 "
1203,Angela L Pooja,55,Female,"$47,000.00 "
1204,Claudia K Shin,30,Female,"$67,000.00 "
1205,Catalina J Nikita,32,Male,"$83,000.00 "
1206,Alice J Roberto,48,Female,"$88,000.00 "
1207,Anita K Ritu,37,Male,"$94,000.00 "
1208,Andrea K Naoki,55,Female,"$2,000.00 "
1209,Aditi K Sarah,39,Male,"$68,000.00 "
1210,Gaurav J Melissa,49,Male,"$53,000.00 "
1211,George L Pooja,46,Female,"$44,000.00 "
1212,Gabriella L Mario,50,Male,"$97,000.00 "
1213,Giulia L Michelle,40,Female,"$22,000.00 "
1214,Anjali L Olivia,48,Male,"$99,000.00 "
1215,Anil K Satoshi,43,Male,"$11,000.00 "
1216,Daniele J Ravi,42,Female,"$32,000.00 "
1217,Anil K Michael,47,Female,"$37,000.00 "
1218,Andrea K Naoki,30,Male,"$24,000.00 "
1219,Harish L Maria,54,Female,"$33,000.00 "
1220,Chris J Megan,27,Female,"$79,000.00 "
1221,Beatriz M Scott,31,Female,"$31,000.00 "
1222,Hikari K Megan,54,Female,"$15,000.00 "
1223,Alessia L Mary,47,Male,"$60,000.00 "
1224,Ayumi I Marco,29,Female,"$61,000.00 "
1225,Akira J Naveen,52,Female,"$74,000.00 "
1226,Gaurav J Melissa,31,Female,"$57,000.00 "
